,Title,Type,BodyPart,Equipment,Level,RatingDesc,Calories
44,Incline dumbbell biceps curl,Strength,Biceps,Bands,Intermediate,,
45,Wide-grip barbell curl,Strength,Biceps,Barbell,Beginner,Average,
46,Barbell Curl,Strength,Biceps,Barbell,Intermediate,Average,
47,Barbell Curls Lying Against An Incline,Strength,Biceps,Barbell,Beginner,Average,
48,Seated Close-Grip Concentration Barbell Curl,Strength,Biceps,Barbell,Beginner,Average,
49,Close-grip barbell curl,Strength,Biceps,Barbell,Beginner,Average,
50,Reverse-grip barbell curl,Strength,Biceps,Barbell,Intermediate,Average,
51,Lying High Bench Barbell Curl,Strength,Biceps,Barbell,Beginner,Average,
52,Barbell curl-,Strength,Biceps,Barbell,Intermediate,,
53,Paul Carter Barbell Curl,Strength,Biceps,Barbell,Intermediate,,
54,Seated Barbell Curl,Strength,Biceps,Barbell,Intermediate,,
55,AM Standing Barbell Curl,Strength,Biceps,Barbell,Intermediate,,
56,30 Arms Standing Barbell Curl,Strength,Biceps,Barbell,Intermediate,,
57,Flexor Incline Dumbbell Curls,Strength,Biceps,Dumbbell,Beginner,Average,
58,Dumbbell Bicep Curl,Strength,Biceps,Dumbbell,Intermediate,Average,
59,Dumbbell Alternate Bicep Curl,Strength,Biceps,Dumbbell,Intermediate,Average,
60,Single-arm dumbbell preacher curl,Strength,Biceps,Dumbbell,Intermediate,Average,
61,Alternate Incline Dumbbell Curl,Strength,Biceps,Dumbbell,Intermediate,Average,
62,Alternating incline dumbbell biceps curl,Strength,Biceps,Dumbbell,Intermediate,Average,
63,Seated dumbbell biceps curl,Strength,Biceps,Dumbbell,Intermediate,Average,
64,Preacher Hammer Dumbbell Curl,Strength,Biceps,Dumbbell,Beginner,Average,
65,Dumbbell preacher curl,Strength,Biceps,Dumbbell,Intermediate,Average,
66,Lying Supine Dumbbell Curl,Strength,Biceps,Dumbbell,Beginner,Average,
67,Standing Dumbbell Reverse Curl,Strength,Biceps,Dumbbell,Beginner,Average,
68,Face-down incline dumbbell biceps curl,Strength,Biceps,Dumbbell,Beginner,Average,
69,Seated Dumbbell Inner Biceps Curl,Strength,Biceps,Dumbbell,Beginner,Average,
70,Paul Carter Incline Dumbbell Biceps Curl,Strength,Biceps,Dumbbell,Intermediate,,
71,FYR Dumbbell Curl,Strength,Biceps,Dumbbell,Intermediate,,
72,Dumbbell biceps curl to upright row,Strength,Biceps,Dumbbell,Intermediate,,
73,FYR Dumbbell Hammer Curl,Strength,Biceps,Dumbbell,Intermediate,,
74,Dumbbell overhead hold with single-arm curl,Strength,Biceps,Dumbbell,Intermediate,,
75,Lunge hold dumbbell curl,Strength,Biceps,Dumbbell,Intermediate,,
76,FYR Dumbbell Biceps Curl,Strength,Biceps,Dumbbell,Intermediate,,
77,Alternating dumbbell snatch,Strength,Biceps,Dumbbell,Intermediate,,
78,TBS Incline Dumbbell Curl,Strength,Biceps,Dumbbell,Intermediate,,
79,Reverse-grip dumbbell curl,Strength,Biceps,Dumbbell,Intermediate,,
80,Incline Dumbbell Curl - Gethin Variation,Strength,Biceps,Dumbbell,Intermediate,,
81,Seated Dumbbell Curl - Gethin Variation,Strength,Biceps,Dumbbell,Intermediate,,
82,Dumbbell Hammer Curl - Gethin Variation,Strength,Biceps,Dumbbell,Intermediate,,
83,Single-arm seated dumbbell curl,Strength,Biceps,Dumbbell,Intermediate,,
84,Dumbbell biceps curl,Strength,Biceps,Dumbbell,Intermediate,,
85,MetaBurn Dumbbell Drag Curl,Strength,Biceps,Dumbbell,Intermediate,,
86,FYR2 Alternating Dumbbell Curl,Strength,Biceps,Dumbbell,Intermediate,,
87,FYR2 Seesaw Dumbbell Biceps Curl,Strength,Biceps,Dumbbell,Intermediate,,
88,FYR2 Single-Dumbbell Biceps Curl,Strength,Biceps,Dumbbell,Intermediate,,
89,FYR2 Dumbbell Curl-Row Complex,Strength,Biceps,Dumbbell,Intermediate,,
90,30 Arms Standing Dumbbell Hammer Curl 21s,Strength,Biceps,Dumbbell,Intermediate,,
91,30 Arms Single-Arm Dumbbell Preacher Curl,Strength,Biceps,Dumbbell,Intermediate,,
92,30 Arms Seated Dumbbell Concentration Curl,Strength,Biceps,Dumbbell,Intermediate,,
93,30 Arms Incline Dumbbell Triceps Extension,Strength,Biceps,Dumbbell,Intermediate,,
94,Barbell spider curl,Strength,Biceps,Other,Intermediate,,
95,Barbell forehead curl,Strength,Biceps,Other,Intermediate,,
96,Reverse Barbell Preacher Curls,Strength,Biceps,E-Z Curl Bar,Beginner,Average,
97,Standing barbell calf raise,Strength,Calves,Barbell,Beginner,Average,
98,Barbell Seated Calf Raise,Strength,Calves,Barbell,Beginner,Average,
99,Calf Raise On A Dumbbell,Strength,Calves,Dumbbell,Beginner,Average,
100,Standing Dumbbell Calf Raise,Strength,Calves,Dumbbell,Intermediate,,
101,Single-leg standing dumbbell calf raise,Strength,Calves,Dumbbell,Intermediate,,
102,Dumbbell walking calf raise,Strength,Calves,Dumbbell,Intermediate,,
103,Barbell Bench Press - Medium Grip,Strength,Chest,Barbell,Intermediate,Average,
104,Decline barbell bench press,Strength,Chest,Barbell,Intermediate,Average,
105,Wide-Grip Decline Barbell Bench Press,Strength,Chest,Barbell,Beginner,Average,
106,Barbell Incline Bench Press Medium-Grip,Strength,Chest,Barbell,Intermediate,Average,
107,Barbell Bench Press-Wide Grip,Strength,Chest,Barbell,Beginner,Average,
108,Wide-Grip Decline Barbell Pullover,Strength,Chest,Barbell,Beginner,Average,
109,Barbell Guillotine Bench Press,Strength,Chest,Barbell,Beginner,Average,
110,AM Flat Bench Barbell Press,Strength,Chest,Barbell,Intermediate,,
111,King Maker Barbell Bench Press,Strength,Chest,Barbell,Intermediate,,
112,King Maker Incline Barbell Bench Press,Strength,Chest,Barbell,Intermediate,,
113,30 Chest Incline Barbell Bench Press,Strength,Chest,Barbell,Intermediate,,
114,30 Chest Barbell Bench Press,Strength,Chest,Barbell,Intermediate,,
115,30 Chest 30-Degree Incline Dumbbell Press,Strength,Chest,Barbell,Intermediate,,
116,Dumbbell Bench Press,Strength,Chest,Dumbbell,Intermediate,Average,
117,Dumbbell Flyes,Strength,Chest,Dumbbell,Intermediate,Average,
118,Incline dumbbell bench press,Strength,Chest,Dumbbell,Intermediate,Average,
119,Decline Dumbbell Flyes,Strength,Chest,Dumbbell,Intermediate,Average,
120,Reverse-grip incline dumbbell bench press,Strength,Chest,Dumbbell,Beginner,Average,
121,Incline Dumbbell Flyes,Strength,Chest,Dumbbell,Intermediate,Average,
122,Neutral-grip dumbbell bench press,Strength,Chest,Dumbbell,Intermediate,Average,
123,Decline dumbbell bench press,Strength,Chest,Dumbbell,Intermediate,Average,
124,Straight-arm dumbbell pull-over,Strength,Chest,Dumbbell,Intermediate,Average,
125,Incline Dumbbell Bench With Palms Facing In,Strength,Chest,Dumbbell,Beginner,Average,
126,Incline Dumbbell Flyes - With A Twist,Strength,Chest,Dumbbell,Beginner,Average,
127,Bent-arm dumbbell pull-over,Strength,Chest,Dumbbell,Intermediate,Average,
128,Close-grip dumbbell bench press,Strength,Chest,Dumbbell,Intermediate,Average,
129,Single-dumbbell push-up,Strength,Chest,Dumbbell,Intermediate,Average,
130,One-Arm Flat Bench Dumbbell Flye,Strength,Chest,Dumbbell,Beginner,Average,
131,Dumbbell Fix Dumbbell Floor Chest Fly,Strength,Chest,Dumbbell,Intermediate,,
132,Dumbbell Fix Traveling Push-Up,Strength,Chest,Dumbbell,Intermediate,,
133,Incline dumbbell chest fly,Strength,Chest,Dumbbell,Intermediate,,
134,Paul Carter Dumbbell Shrug,Strength,Chest,Dumbbell,Intermediate,,
135,Dumbbell push-up row,Strength,Chest,Dumbbell,Intermediate,,
136,TBS Dumbbell Incline Press,Strength,Chest,Dumbbell,Intermediate,,
137,Incline Dumbbell Fly - Gethin Variation,Strength,Chest,Dumbbell,Intermediate,,
138,Dumbbell bench press-,Strength,Chest,Dumbbell,Intermediate,,
139,Decline dumbbell fly and press,Strength,Chest,Dumbbell,Intermediate,,
140,Incline dumbbell fly and press,Strength,Chest,Dumbbell,Intermediate,,
141,Single-arm decline dumbbell bench press,Strength,Chest,Dumbbell,Intermediate,,
142,Single-arm incline dumbbell bench press,Strength,Chest,Dumbbell,Intermediate,,
143,Incline Dumbbell Press - Gethin Variation,Strength,Chest,Dumbbell,Intermediate,,
144,Dumbbell Chest Press - Gethin Variation,Strength,Chest,Dumbbell,Intermediate,,
145,Dumbbell Floor Press - Gethin Variation,Strength,Chest,Dumbbell,Intermediate,,
146,Decline Dumbbell Press - Gethin Variation,Strength,Chest,Dumbbell,Intermediate,,
147,Dumbbell chest fly,Strength,Chest,Dumbbell,Intermediate,,
148,AM Dumbbell Bench Press,Strength,Chest,Dumbbell,Intermediate,,
149,UP Incline Dumbbell Press,Strength,Chest,Dumbbell,Intermediate,,
150,UP Incline Dumbbell Fly,Strength,Chest,Dumbbell,Intermediate,,
151,Single-arm dumbbell floor press,Strength,Chest,Dumbbell,Intermediate,,
152,King Maker Standing Dumbbell Shoulder Press,Strength,Chest,Dumbbell,Intermediate,,
153,30 Chest Incline Dumbbell Fly,Strength,Chest,Dumbbell,Intermediate,,
154,30 Chest Incline Dumbbell Bench Press,Strength,Chest,Dumbbell,Intermediate,,
155,30 Chest Dumbbells-Together Press,Strength,Chest,Dumbbell,Intermediate,,
156,30 Chest Dumbbells-Together Incline Bench Press,Strength,Chest,Dumbbell,Intermediate,,
157,30 Chest Dumbbell Fly,Strength,Chest,Dumbbell,Intermediate,,
158,30 Chest Dumbbell Bench Press,Strength,Chest,Dumbbell,Intermediate,,
159,30 Chest 30-Degree Incline Dumbbell Fly,Strength,Chest,Dumbbell,Intermediate,,
160,FYR2 Single-Dumbbell Push-Up,Strength,Chest,Dumbbell,Intermediate,,
161,Seated One-Arm Dumbbell Palms-Up Wrist Curl,Strength,Forearms,Dumbbell,Beginner,Average,
162,Palms-Up Dumbbell Wrist Curl Over A Bench,Strength,Forearms,Dumbbell,Beginner,Average,
163,Palms-Down Dumbbell Wrist Curl Over A Bench,Strength,Forearms,Dumbbell,Beginner,Average,
164,Seated One-Arm Dumbbell Palms-Down Wrist Curl,Strength,Forearms,Dumbbell,Beginner,Average,
165,Seated Dumbbell Palms-Up Wrist Curl,Strength,Forearms,Dumbbell,Beginner,Average,
166,Dumbbell suitcase carry,Strength,Forearms,Dumbbell,Intermediate,,
167,Suitcase Dumbbell Carry,Strength,Forearms,Dumbbell,Intermediate,Average,
168,Side plank with dumbbell external rotation,Strength,Forearms,Dumbbell,Intermediate,,
169,Dumbbell farmer's walk,Strongman,Forearms,Other,Intermediate,Average,
170,Barbell glute bridge,Powerlifting,Glutes,Barbell,Intermediate,Average,
171,Barbell Hip Thrust,Powerlifting,Glutes,Barbell,Intermediate,Average,
172,FYR2 Dumbbell Hip Thrust,Strength,Glutes,Dumbbell,Intermediate,,
173,FYR2 Glute Bridge Dumbbell Floor Press,Strength,Glutes,Dumbbell,Intermediate,,
174,Barbell hip thrust-,Strength,Glutes,Body Only,Intermediate,,
175,Dumbbell single-leg hip thrust,Strength,Glutes,Body Only,Intermediate,,
176,Barbell Deadlift,Strength,Hamstrings,Barbell,Intermediate,Average,
177,Barbell stiff-legged deadlift,Strength,Hamstrings,Barbell,Intermediate,Average,
178,Romanian Deadlift With Dumbbells,Strength,Hamstrings,Dumbbell,Beginner,Average,
179,Stiff-Legged Dumbbell Deadlift,Strength,Hamstrings,Dumbbell,Intermediate,Average,
180,Dumbbell Fix Dumbbell Swing,Strength,Hamstrings,Dumbbell,Intermediate,,
181,Dumbbell Lying Hamstring Curl,Strength,Hamstrings,Dumbbell,Intermediate,,
182,30 Legs Dumbbell Stiff-Legged Deadlift,Strength,Hamstrings,Dumbbell,Intermediate,,
183,Bent-arm barbell pull-over,Strength,Lats,Barbell,Intermediate,Average,
184,Barbell pull-over to press,Strength,Lats,Barbell,Beginner,,
185,Single-arm barbell bent-over row,Strength,Lats,Barbell,Intermediate,,
186,Reverse Barbell Row,Strength,Lats,Barbell,Intermediate,,
187,Dumbbell seal row,Strength,Lats,Dumbbell,Intermediate,,
188,Incline Dumbbell Row - Gethin Variation,Strength,Lats,Dumbbell,Intermediate,,
189,FYR Bent-Over Dumbbell Row,Strength,Lats,Dumbbell,Intermediate,,
190,Straight-Arm Dumbbell Pull-Over - Gethin Variation,Strength,Lats,Dumbbell,Intermediate,,
191,Bent-Over Dumbbell Row - Gethin Variation,Strength,Lats,Dumbbell,Intermediate,,
192,Bent-over dumbbell rear delt fly,Strength,Lats,Dumbbell,Intermediate,,
193,Band Resisted Dumbbell Row,Strength,Lats,Dumbbell,Intermediate,,
194,Total Fitness Dumbbell Isometric Row Hold,Strength,Lats,Dumbbell,Intermediate,,
195,Dumbbell renegade row,Strength,Lats,Dumbbell,Intermediate,,
196,Standing dumbbell knee crunch,Strength,Lats,Other,Intermediate,,
197,Barbell deficit deadlift,Powerlifting,Lower Back,Barbell,Beginner,Average,
198,Stiff Leg Barbell Good Morning,Strength,Lower Back,Barbell,Beginner,Average,
199,Barbell deadlift-,Strength,Lower Back,Barbell,Intermediate,,
200,Barbell good morning,Strength,Lower Back,Barbell,Intermediate,,
201,30 Day Back Barbell Rack Pull,Strength,Lower Back,Barbell,Intermediate,,
202,Dumbbell Fix Dumbbell Deadlift,Strength,Lower Back,Dumbbell,Intermediate,,
203,Dumbbell skier,Strength,Lower Back,Dumbbell,Intermediate,,
204,TBS Dumbbell Romanian Deadlift,Strength,Lower Back,Dumbbell,Intermediate,,
205,Stiff-Legged Dumbbell Deadlift - Gethin Variation,Strength,Lower Back,Dumbbell,Intermediate,,
206,UNS Dumbbell Romanian Deadlift,Strength,Lower Back,Dumbbell,Intermediate,,
207,Dumbbell kickstand deadlift,Strength,Lower Back,Dumbbell,Intermediate,,
208,FYR2 Dumbbell Deadlift,Strength,Lower Back,Dumbbell,Intermediate,,
209,FYR2 Dumbbell Deadlift to Dumbbell Upright Row,Strength,Lower Back,Dumbbell,Intermediate,,
210,UNS Banded Dumbbell Romanian Deadlift,Strength,Lower Back,Cable,Intermediate,,
211,Bent Over Barbell Row,Strength,Middle Back,Barbell,Intermediate,Average,
212,Barbell seal row,Strength,Middle Back,Barbell,Intermediate,Average,
213,Barbell Deadlift Bent Row Complex,Strength,Middle Back,Barbell,Beginner,,
214,Bent-Over Barbell Row - Gethin Variation,Strength,Middle Back,Barbell,Intermediate,,
215,Barbell bent-over row,Strength,Middle Back,Barbell,Intermediate,,
216,UN Barbell Rack Pull,Strength,Middle Back,Barbell,Intermediate,,
217,UN Barbell Scrape The Rack,Strength,Middle Back,Barbell,Intermediate,,
218,Barbell deadlift bent-over row complex,Strength,Middle Back,Barbell,Intermediate,,
219,30 Back Barbell Deadlift,Strength,Middle Back,Barbell,Intermediate,,
220,30 Back Bent-Over Barbell Row,Strength,Middle Back,Barbell,Intermediate,,
221,30 Back Underhand Bent-Over Barbell Row,Strength,Middle Back,Barbell,Intermediate,,
222,One-Arm Dumbbell Row,Strength,Middle Back,Dumbbell,Intermediate,Average,
223,Incline dumbbell row,Strength,Middle Back,Dumbbell,Intermediate,Average,
224,Bent Over Two-Dumbbell Row With Palms In,Strength,Middle Back,Dumbbell,Beginner,Average,
225,Dumbbell bent-over row,Strength,Middle Back,Dumbbell,Intermediate,Average,
226,Dumbbell pull-over to skullcrusher,Strength,Middle Back,Dumbbell,Intermediate,,
227,Dumbbell Fix Single-Arm Dumbbell Row,Strength,Middle Back,Dumbbell,Intermediate,,
228,Dumbbell Fix Bent-Over Dumbbell Row,Strength,Middle Back,Dumbbell,Intermediate,,
229,Dumbbell Seal Row - Gethin Variation,Strength,Middle Back,Dumbbell,Intermediate,,
230,Decline dumbbell chest fly,Strength,Middle Back,Dumbbell,Intermediate,,
231,TBS Bent-Over Dumbbell Row,Strength,Middle Back,Dumbbell,Intermediate,,
232,HM Bent-Over Dumbbell Row,Strength,Middle Back,Dumbbell,Intermediate,,
233,Dumbbell stiff-legged deadlift,Strength,Middle Back,Dumbbell,Intermediate,,
234,Single-arm bench dumbbell row,Strength,Middle Back,Dumbbell,Intermediate,,
235,UN Bent-Over Dumbbell Row,Strength,Middle Back,Dumbbell,Intermediate,,
236,UN Dumbbell RDL,Strength,Middle Back,Dumbbell,Intermediate,,
237,30 Back Bent-Over Dumbbell Row,Strength,Middle Back,Dumbbell,Intermediate,,
238,30 Back Dumbbell Pull-Over,Strength,Middle Back,Dumbbell,Intermediate,,
239,30 Back Incline Dumbbell Row,Strength,Middle Back,Dumbbell,Intermediate,,
240,30 Back Single-Arm Dumbbell Row,Strength,Middle Back,Dumbbell,Intermediate,,
241,30 Back Single-Arm Dumbbell Swing Row,Strength,Middle Back,Dumbbell,Intermediate,,
242,Barbell shrug,Strength,Traps,Barbell,Intermediate,Average,
243,Barbell behind-the-back shrug,Strength,Traps,Barbell,Intermediate,Average,
244,Standing dumbbell shrug,Strength,Traps,Dumbbell,Intermediate,Average,
245,Standing dumbbell upright row,Strength,Traps,Dumbbell,Intermediate,Average,
246,Dumbbell pull-over,Strength,Traps,Dumbbell,Intermediate,,
247,Standing Dumbbell Shrug - Gethin Variation,Strength,Traps,Dumbbell,Intermediate,,
248,Single-arm dumbbell row,Strength,Traps,Dumbbell,Intermediate,,
249,Barbell Full Squat,Strength,Quadriceps,Barbell,Intermediate,Average,
250,Barbell back squat to box,Powerlifting,Quadriceps,Barbell,Intermediate,Average,
251,Barbell walking lunge,Strength,Quadriceps,Barbell,Intermediate,Average,
252,Barbell Squat,Strength,Quadriceps,Barbell,Intermediate,Average,
253,Barbell front squat,Strength,Quadriceps,Barbell,Intermediate,Average,
254,Barbell forward lunge,Strength,Quadriceps,Barbell,Expert,Average,
255,Barbell step-up,Strength,Quadriceps,Barbell,Intermediate,Average,
256,Barbell Bulgarian split squat,Strength,Quadriceps,Barbell,Intermediate,Average,
257,Barbell hack squat,Strength,Quadriceps,Barbell,Expert,Average,
258,Barbell thruster,Strength,Quadriceps,Barbell,Intermediate,Average,
259,Barbell back squat,Strength,Quadriceps,Barbell,Intermediate,Average,
260,Barbell side split squat,Strength,Quadriceps,Barbell,Intermediate,Average,
261,Barbell speed squat,Strength,Quadriceps,Barbell,Intermediate,Average,
262,Barbell Squat To A Bench,Strength,Quadriceps,Barbell,Intermediate,Average,
263,Front Barbell Squat To A Bench,Strength,Quadriceps,Barbell,Beginner,Average,
264,Barbell reverse lunge,Strength,Quadriceps,Barbell,Intermediate,Average,
265,Close-stance dumbbell front squat,Strength,Quadriceps,Barbell,Intermediate,,
266,Barbell front squat to back squat,Strength,Quadriceps,Barbell,Intermediate,,
267,Barbell Front-To-Back Squat,Strength,Quadriceps,Barbell,Intermediate,,
268,Barbell step-down reverse lunge,Strength,Quadriceps,Barbell,Intermediate,,
269,Paul Carter Barbell Split Squat,Strength,Quadriceps,Barbell,Intermediate,,
270,TBS Barbell Front Squat,Strength,Quadriceps,Barbell,Intermediate,,
271,Front-To-Back Barbell Squat,Strength,Quadriceps,Barbell,Intermediate,,
272,Barbell Lunge - Gethin Variation,Strength,Quadriceps,Barbell,Intermediate,,
273,Barbell Squat - Gethin Variation,Strength,Quadriceps,Barbell,Intermediate,,
274,Barbell Good Morning - Gethin Variation,Strength,Quadriceps,Barbell,Intermediate,,
275,AM Barbell Squat,Strength,Quadriceps,Barbell,Intermediate,,
276,UN Barbell Back Squat,Strength,Quadriceps,Barbell,Intermediate,,
277,UN Barbell Box Squat,Strength,Quadriceps,Barbell,Intermediate,,
278,UN Barbell Front Squat,Strength,Quadriceps,Barbell,Intermediate,,
279,King Maker Barbell Back Squat,Strength,Quadriceps,Barbell,Intermediate,,
280,King Maker Barbell Deadlift,Strength,Quadriceps,Barbell,Intermediate,,
281,30 Legs Barbell Back Squat,Strength,Quadriceps,Barbell,Intermediate,,
282,30 Legs Barbell Front Squat,Strength,Quadriceps,Barbell,Intermediate,,
283,Barbell Back Squats,Strength,Quadriceps,Barbell,Intermediate,,
284,Dumbbell goblet squat-,Strength,Quadriceps,Kettlebells,Intermediate,,
285,Dumbbell Goblet Squat,Strength,Quadriceps,Dumbbell,Intermediate,Average,
286,Dumbbell squat,Strength,Quadriceps,Dumbbell,Intermediate,Average,
287,Dumbbell Lunges,Strength,Quadriceps,Dumbbell,Intermediate,Average,
288,Dumbbell reverse lunge,Strength,Quadriceps,Dumbbell,Intermediate,Average,
289,Split Squat with Dumbbells,Strength,Quadriceps,Dumbbell,Intermediate,Average,
290,Dumbbell sumo squat,Strength,Quadriceps,Dumbbell,Intermediate,Average,
291,Dumbbell seated box jump,Plyometrics,Quadriceps,Dumbbell,Intermediate,Average,
292,Dumbbell step-up,Strength,Quadriceps,Dumbbell,Intermediate,Average,
293,Dumbbell Walking Lunge,Strength,Quadriceps,Dumbbell,Intermediate,Average,
294,Dumbbell Squat To A Bench,Strength,Quadriceps,Dumbbell,Beginner,Average,
295,Dumbbell thruster,Strength,Quadriceps,Dumbbell,Intermediate,Average,
296,Dumbbell front squat,Strength,Quadriceps,Dumbbell,Intermediate,,
297,Single-Arm Dumbbell Overhead Squat,Strength,Quadriceps,Dumbbell,Beginner,,
298,Dumbbell lateral hop,Plyometrics,Quadriceps,Dumbbell,Intermediate,,
299,Dumbbell lunge with biceps curl,Strength,Quadriceps,Dumbbell,Intermediate,,
300,Dumbbell Pistol Squat,Strength,Quadriceps,Dumbbell,Beginner,,
301,Dumbbell Squat Snatch,Strength,Quadriceps,Dumbbell,Beginner,,
302,Dumbbell Alternating Lunge,Strength,Quadriceps,Dumbbell,Beginner,,
303,Dumbbell jump squat,Plyometrics,Quadriceps,Dumbbell,Intermediate,,
304,Dumbbell Side Lunge,Strength,Quadriceps,Dumbbell,Beginner,Average,
305,Boss Everline Dumbbell Lunge Jump,Strength,Quadriceps,Dumbbell,Intermediate,,
306,Dumbbell Fix Dumbbell Split Squat,Strength,Quadriceps,Dumbbell,Intermediate,,
307,Single-leg dumbbell Romanian deadlift,Strength,Quadriceps,Dumbbell,Intermediate,,
308,Dumbbell Fix Dumbbell Alternating Reverse Lunge,Strength,Quadriceps,Dumbbell,Intermediate,,
309,Dumbbell Fix Turkish Get-Up,Strength,Quadriceps,Dumbbell,Intermediate,,
310,FYR Dumbbell Front Squat,Strength,Quadriceps,Dumbbell,Intermediate,,
311,Dumbbell split squat,Strength,Quadriceps,Dumbbell,Intermediate,,
312,Dumbbell deadlift,Strength,Quadriceps,Dumbbell,Intermediate,,
313,HM Dumbbell Overhead Squat,Strength,Quadriceps,Dumbbell,Intermediate,,
314,HM Dumbbell Squat,Strength,Quadriceps,Dumbbell,Intermediate,,
315,UNS Dumbbell Goblet Squat,Strength,Quadriceps,Dumbbell,Intermediate,,
316,Single-Arm Dumbbell Snatch,Strength,Quadriceps,Dumbbell,Intermediate,,
317,KV Dumbbell Lunges,Strength,Quadriceps,Dumbbell,Intermediate,,
318,Dumbbell racked reverse lunge,Strength,Quadriceps,Dumbbell,Intermediate,,
319,Total Fitness Dumbbell Reverse Lunge,Strength,Quadriceps,Dumbbell,Intermediate,,
320,Single-arm dumbbell snatch-,Strength,Quadriceps,Dumbbell,Intermediate,,
321,Total Fitness Dumbbell Step-Up,Strength,Quadriceps,Dumbbell,Intermediate,,
322,Single-arm dumbbell front squat,Strength,Quadriceps,Dumbbell,Intermediate,,
323,3D dumbbell lunge,Strength,Quadriceps,Dumbbell,Intermediate,,
324,MetaBurn Dumbbell Burpee,Strength,Quadriceps,Dumbbell,Intermediate,,
325,Dumbbell jump squat with rotation,Strength,Quadriceps,Dumbbell,Intermediate,,
326,MetaBurn Dumbbell Wide Squat to Rack,Strength,Quadriceps,Dumbbell,Intermediate,,
327,30 Legs Dumbbell Goblet Squat,Strength,Quadriceps,Dumbbell,Intermediate,,
328,30 Legs Dumbbell Squat,Strength,Quadriceps,Dumbbell,Intermediate,,
329,Dumbbell step-down reverse lunge,Strength,Quadriceps,Dumbbell,Intermediate,,
330,Dumbbell step-up,Strength,Quadriceps,Dumbbell,Intermediate,Average,
331,Barbell squat with plate slide,Strength,Quadriceps,Other,Intermediate,Average,
332,Burpee over barbell,Plyometrics,Quadriceps,Other,Intermediate,,
333,Dumbbell walking lunge-,Strength,Quadriceps,Other,Intermediate,Average,
334,Barbell Squat To A Box,Strength,Quadriceps,Other,Beginner,,
335,Dumbbell Bulgarian split squat,Strength,Quadriceps,Other,Intermediate,,
336,Holman Low Squat with Low Diagonal Dumbbell Punch,Strength,Quadriceps,Body Only,Intermediate,,
337,Dumbbell lateral hop to sprint,Plyometrics,Quadriceps,None,Intermediate,,
338,30 Shoulders Seated Banded Barbell Shoulder Press,Strength,Shoulders,Bands,Intermediate,,
339,Seated barbell shoulder press,Strength,Shoulders,Barbell,Intermediate,Average,
340,Barbell Shoulder Press,Strength,Shoulders,Barbell,Intermediate,Average,
341,Barbell rear delt bent-over row,Strength,Shoulders,Barbell,Intermediate,Average,
342,Barbell upright row,Strength,Shoulders,Barbell,Intermediate,Average,
343,Standing Barbell Press Behind Neck,Strength,Shoulders,Barbell,Intermediate,Average,
344,Barbell front raise,Strength,Shoulders,Barbell,Intermediate,Average,
345,Incline barbell shoulder protraction,Strength,Shoulders,Barbell,Intermediate,Average,
346,Paul Carter Barbell Seated Military Press,Strength,Shoulders,Barbell,Intermediate,,
347,TBS Barbell Military Press,Strength,Shoulders,Barbell,Intermediate,,
348,Incline Front Barbell Raise - Gethin Variation,Strength,Shoulders,Barbell,Intermediate,,
349,Barbell Front Raise - Gethin Variation,Strength,Shoulders,Barbell,Intermediate,,
350,Single-arm barbell lateral raise,Strength,Shoulders,Barbell,Intermediate,,
351,AM Barbell Shoulder Press,Strength,Shoulders,Barbell,Intermediate,,
352,Standing barbell shoulder press,Strength,Shoulders,Barbell,Intermediate,,
353,King Maker Barbell Thruster,Strength,Shoulders,Barbell,Intermediate,,
354,Barbell bear complex,Strength,Shoulders,Barbell,Intermediate,,
355,30 Shoulders Barbell Shrug,Strength,Shoulders,Barbell,Intermediate,,
356,30 Shoulders Seated Dumbbell Shoulder Press,Strength,Shoulders,Barbell,Intermediate,,
357,30 Shoulders Standing Barbell Press,Strength,Shoulders,Barbell,Intermediate,,
358,Dumbbell front raise to lateral raise,Strength,Shoulders,Dumbbell,Intermediate,Average,
359,Single-arm palm-in dumbbell shoulder press,Strength,Shoulders,Dumbbell,Intermediate,Average,
360,Seated Dumbbell Press,Strength,Shoulders,Dumbbell,Intermediate,Average,
361,Standing dumbbell shoulder press,Strength,Shoulders,Dumbbell,Intermediate,Average,
362,Incline dumbbell reverse fly,Strength,Shoulders,Dumbbell,Intermediate,Average,
363,Overhead dumbbell front raise,Strength,Shoulders,Dumbbell,Intermediate,Average,
364,Seated dumbbell shoulder press,Strength,Shoulders,Dumbbell,Intermediate,Average,
365,Alternating dumbbell front raise,Strength,Shoulders,Dumbbell,Intermediate,Average,
366,Single-dumbbell front raise,Strength,Shoulders,Dumbbell,Intermediate,Average,
367,Dumbbell front raise,Strength,Shoulders,Dumbbell,Intermediate,Average,
368,Bent-over dumbbell rear delt row,Strength,Shoulders,Dumbbell,Intermediate,Average,
369,Incline dumbbell front raise,Strength,Shoulders,Dumbbell,Intermediate,Average,
370,Dumbbell external shoulder rotation,Strength,Shoulders,Dumbbell,Intermediate,Average,
371,Dumbbell Raise,Strength,Shoulders,Dumbbell,Beginner,Average,
372,Dumbbell Lying Rear Lateral Raise,Strength,Shoulders,Dumbbell,Intermediate,Average,
373,Head-on-bench dumbbell rear delt raise,Strength,Shoulders,Dumbbell,Intermediate,Average,
374,Single-arm dumbbell upright row,Strength,Shoulders,Dumbbell,Intermediate,Average,
375,Dumbbell Scaption,Strength,Shoulders,Dumbbell,Beginner,Average,
376,Dumbbell Incline Shoulder Raise,Strength,Shoulders,Dumbbell,Beginner,Average,
377,Dumbbell Clean And Jerk,Strength,Shoulders,Dumbbell,Beginner,,
378,Dumbbell shoulder press with body rotation,Strength,Shoulders,Dumbbell,Intermediate,,
379,Dumbbell Fix Dumbbell Military Press,Strength,Shoulders,Dumbbell,Intermediate,,
380,Dumbbell Fix Standing Dumbbell Arnold Press,Strength,Shoulders,Dumbbell,Intermediate,,
381,Dumbbell Fix Dumbbell Single-Arm Snatch,Strength,Shoulders,Dumbbell,Intermediate,,
382,FYR Dumbbell Shoulder Press,Strength,Shoulders,Dumbbell,Intermediate,,
383,FYR Single-Arm Dumbbell Press,Strength,Shoulders,Dumbbell,Intermediate,,
384,FYR Dumbbell Tempo L-Raise,Strength,Shoulders,Dumbbell,Intermediate,,
385,Dumbbell seesaw shoulder press,Strength,Shoulders,Dumbbell,Intermediate,,
386,FYR Dumbbell front raise to lateral raise,Strength,Shoulders,Dumbbell,Intermediate,,
387,FYR Dumbbell Arnold Press,Strength,Shoulders,Dumbbell,Intermediate,,
388,FYR Dumbbell Military Press to Dumbbell High Pull to V-up,Strength,Shoulders,Dumbbell,Intermediate,,
389,FYR Dumbbell Thruster,Strength,Shoulders,Dumbbell,Intermediate,,
390,Dumbbell hang snatch,Strength,Shoulders,Dumbbell,Intermediate,,
391,Dumbbell clean and press,Strength,Shoulders,Dumbbell,Intermediate,,
392,Incline Front Dumbbell Raise - Gethin Variation,Strength,Shoulders,Dumbbell,Intermediate,,
393,Dumbbell lateral raise,Strength,Shoulders,Dumbbell,Intermediate,,
394,Incline Bench Rear Dumbbell Fly - Gethin Variation,Strength,Shoulders,Dumbbell,Intermediate,,
395,Dumbbell front raise and press,Strength,Shoulders,Dumbbell,Intermediate,,
396,Single-arm dumbbell arc row,Strength,Shoulders,Dumbbell,Intermediate,,
397,Incline Dumbbell Y Raise,Strength,Shoulders,Dumbbell,Intermediate,,
398,HM Dumbbell Shoulder Press,Strength,Shoulders,Dumbbell,Intermediate,,
399,HM Single-Leg Overhead Dumbbell Press,Strength,Shoulders,Dumbbell,Intermediate,,
400,Seated dumbbell lateral raise,Strength,Shoulders,Dumbbell,Intermediate,,
401,AM Dumbbell Shoulder Press,Strength,Shoulders,Dumbbell,Intermediate,,
402,AM Dumbbell Side Raise,Strength,Shoulders,Dumbbell,Intermediate,,
403,UP Dumbbell Lateral Raise,Strength,Shoulders,Dumbbell,Intermediate,,
404,UP Seated Dumbbell Overhead Press,Strength,Shoulders,Dumbbell,Intermediate,,
405,AA Incline Bench Dumbbell Reverse Fly,Strength,Shoulders,Dumbbell,Intermediate,,
406,Dumbbell Halo,Strength,Shoulders,Dumbbell,Intermediate,,
407,Standing Dumbbell Scap Raise,Strength,Shoulders,Dumbbell,Intermediate,,
408,Holman Dumbbell Hip Drive to Overhead Press,Strength,Shoulders,Dumbbell,Intermediate,,
409,Dumbbell racked carry,Strength,Shoulders,Dumbbell,Intermediate,,
410,Dumbbell clean and push-press,Strength,Shoulders,Dumbbell,Intermediate,,
411,Total Fitness Dumbbell Farmer's Carry,Strength,Shoulders,Dumbbell,Intermediate,,
412,Single-arm dumbbell racked carry,Strength,Shoulders,Dumbbell,Intermediate,,
413,Jordan Shallow Dumbbell Pull-Over,Strength,Shoulders,Dumbbell,Intermediate,,
414,King Maker Dumbbell Lateral Raise,Strength,Shoulders,Dumbbell,Intermediate,,
415,Dumbbell shadow boxing,Strength,Shoulders,Dumbbell,Intermediate,,
416,King Maker Dumbbell Farmer's Carry,Strength,Shoulders,Dumbbell,Intermediate,,
417,King Maker Dumbbell Shrug,Strength,Shoulders,Dumbbell,Intermediate,,
418,30 Shoulders Alternating Dumbbell Front Raise,Strength,Shoulders,Dumbbell,Intermediate,,
419,30 Shoulders Bent-Over Dumbbell Reverse Fly,Strength,Shoulders,Dumbbell,Intermediate,,
420,30 Shoulders Dumbbell Front Raise,Strength,Shoulders,Dumbbell,Intermediate,,
421,30 Shoulders Dumbbell Lateral Raise,Strength,Shoulders,Dumbbell,Intermediate,,
422,30 Shoulders Dumbbell Shrug,Strength,Shoulders,Dumbbell,Intermediate,,
423,30 Shoulders Incline Face-Down Dumbbell Reverse Fly,Strength,Shoulders,Dumbbell,Intermediate,,
424,30 Shoulders Seated Dumbbell Front Raise,Strength,Shoulders,Dumbbell,Intermediate,,
425,30 Shoulders Seated Dumbbell Side Raise,Strength,Shoulders,Dumbbell,Intermediate,,
426,30 Shoulders Standing Dumbbell Upright Row,Strength,Shoulders,Dumbbell,Intermediate,,
427,MetaBurn Dumbbell Overhead Press,Strength,Shoulders,Dumbbell,Intermediate,,
428,RG Forward-Leaning Dumbbell Upright Row,Strength,Shoulders,Dumbbell,Intermediate,,
429,RG Alternating Seated Dumbbell Lateral Raise,Strength,Shoulders,Dumbbell,Intermediate,,
430,RG Seated Dumbbell Shoulder Press,Strength,Shoulders,Dumbbell,Intermediate,,
431,FYR2 Dumbbell Clean and Jerk,Strength,Shoulders,Dumbbell,Intermediate,,
432,FYR2 Dumbbell Cross-Body Front Raise,Strength,Shoulders,Dumbbell,Intermediate,,
433,FYR2 Dumbbell Front Raise,Strength,Shoulders,Dumbbell,Intermediate,,
434,FYR2 Dumbbell Lateral Raise,Strength,Shoulders,Dumbbell,Intermediate,,
435,FYR2 Seesaw Dumbbell Military Press,Strength,Shoulders,Dumbbell,Intermediate,,
436,FYR2 Single-Dumbbell Halo,Strength,Shoulders,Dumbbell,Intermediate,,
437,FYR2 Single-Dumbbell Overhead Press,Strength,Shoulders,Dumbbell,Intermediate,,
438,Towel dumbbell front raise,Strength,Shoulders,Other,Intermediate,,
439,Standing barbell overhead triceps extension,Strength,Triceps,Barbell,Intermediate,Average,
440,Decline Barbell Triceps Extension - Gethin Variation,Strength,Triceps,Barbell,Intermediate,,
441,30 Arms Barbell Skullcrusher,Strength,Triceps,Barbell,Intermediate,,
442,Dumbbell floor press,Powerlifting,Triceps,Dumbbell,Intermediate,Average,
443,Tricep Dumbbell Kickback,Strength,Triceps,Dumbbell,Intermediate,Average,
444,Standing Dumbbell Triceps Extension,Strength,Triceps,Dumbbell,Intermediate,Average,
445,Single-arm dumbbell triceps extension,Strength,Triceps,Dumbbell,Intermediate,Average,
446,Decline Dumbbell Triceps Extension,Strength,Triceps,Dumbbell,Beginner,Average,
447,Dumbbell skullcrusher,Strength,Triceps,Dumbbell,Intermediate,Average,
448,One Arm Pronated Dumbbell Triceps Extension,Strength,Triceps,Dumbbell,Beginner,Average,
449,One Arm Supinated Dumbbell Triceps Extension,Strength,Triceps,Dumbbell,Beginner,Average,
450,Seated Bent-Over Two-Arm Dumbbell Triceps Extension,Strength,Triceps,Dumbbell,Beginner,Average,
451,Standing Bent-Over One-Arm Dumbbell Triceps Extension,Strength,Triceps,Dumbbell,Intermediate,Average,
452,Seated Bent-Over One-Arm Dumbbell Triceps Extension,Strength,Triceps,Dumbbell,Beginner,Average,
453,Dumbbell Tricep Extension -Pronated Grip,Strength,Triceps,Dumbbell,Beginner,Average,
454,Paul Carter Dumbbell Kick-Back,Strength,Triceps,Dumbbell,Intermediate,,
455,Single-arm dumbbell skullcrusher,Strength,Triceps,Dumbbell,Intermediate,,
456,Dumbbells-together incline bench press,Strength,Triceps,Dumbbell,Intermediate,,
457,Incline dumbbell overhead triceps extension,Strength,Triceps,Dumbbell,Intermediate,,
458,Dumbbell Crush Press,Strength,Triceps,Dumbbell,Intermediate,,
459,Total Fitness Close-Grip Dumbbell Press,Strength,Triceps,Dumbbell,Intermediate,,
460,Dumbbell row to triceps kick-back,Strength,Triceps,Dumbbell,Intermediate,,
461,FYR2 Single-Dumbbell Triceps Extension,Strength,Triceps,Dumbbell,Intermediate,,
462,30 Arms Overhead Dumbbell Triceps Extension,Strength,Triceps,Dumbbell,Intermediate,,
463,30 Arms Dumbbell Skullcrusher,Strength,Triceps,Dumbbell,Intermediate,,
464,30 Arms Dumbbell Kick-Back,Strength,Triceps,Dumbbell,Intermediate,,
465,30 Arms BFR Dumbbell Kick-Back,Strength,Triceps,Dumbbell,Intermediate,,
466,Dumbbell saw triceps skullcrusher,Strength,Triceps,Dumbbell,Intermediate,,
467,Lying Close-Grip Barbell Triceps Press To Chin,Strength,Triceps,E-Z Curl Bar,Beginner,Average,
